id,pred,label,pred_res,label_res
1f02c929b05a2d1eae19aa43,"SELECT chartevents.charttime FROM chartevents WHERE chartevents.stay_id IN ( SELECT icustays.stay_id FROM icustays WHERE icustays.hadm_id IN ( SELECT admissions.hadm_id FROM admissions WHERE admissions.subject_id = 10021666 ) ) AND chartevents.itemid IN ( SELECT d_items.itemid FROM d_items WHERE d_items.label = 'heart rate' AND d_items.linksto = 'chartevents' ) AND strftime('%Y-%m-%d',chartevents.charttime) = '2100-03-21' ORDER BY chartevents.valuenum ASC, chartevents.charttime DESC LIMIT 1","SELECT chartevents.charttime FROM chartevents WHERE chartevents.stay_id IN ( SELECT icustays.stay_id FROM icustays WHERE icustays.hadm_id IN ( SELECT admissions.hadm_id FROM admissions WHERE admissions.subject_id = 10021666 ) ) AND chartevents.itemid IN ( SELECT d_items.itemid FROM d_items WHERE d_items.label = 'heart rate' AND d_items.linksto = 'chartevents' ) AND strftime('%Y-%m-%d',chartevents.charttime) = '2100-03-31' ORDER BY chartevents.valuenum ASC, chartevents.charttime DESC LIMIT 1",[],[['2100-03-31 16:00:00']]
adb4dc30adc6acdfe49dc9c0,SELECT ( SELECT chartevents.valuenum FROM chartevents WHERE chartevents.stay_id IN ( SELECT icustays.stay_id FROM icustays WHERE icustays.hadm_id IN ( SELECT admissions.hadm_id FROM admissions WHERE admissions.subject_id = 10005817 ) AND icustays.outtime IS NOT NULL ORDER BY icustays.intime ASC LIMIT 1 ) AND chartevents.itemid IN ( SELECT d_items.itemid FROM d_items WHERE d_items.label = 'arterial blood pressure mean' AND d_items.linksto = 'chartevents' ) ORDER BY chartevents.charttime DESC LIMIT 1 ) - ( SELECT chartevents.valuenum FROM chartevents WHERE chartevents.stay_id IN ( SELECT icustays.stay_id FROM icustays WHERE icustays.hadm_id IN ( SELECT admissions.hadm_id FROM admissions WHERE admissions.subject_id = 10005817 ) AND icustays.outtime IS NOT NULL ORDER BY icustays.intime ASC LIMIT 1 ) AND chartevents.itemid IN ( SELECT d_items.itemid FROM d_items WHERE d_items.label = 'arterial blood pressure mean' AND d_items.linksto = 'chartevents' ) ORDER BY chartevents.charttime DESC LIMIT 1 OFFSET 1 ),SELECT ( SELECT chartevents.valuenum FROM chartevents WHERE chartevents.stay_id IN ( SELECT icustays.stay_id FROM icustays WHERE icustays.hadm_id IN ( SELECT admissions.hadm_id FROM admissions WHERE admissions.subject_id = 10005817 ) AND icustays.outtime IS NOT NULL ORDER BY icustays.intime ASC LIMIT 1 ) AND chartevents.itemid IN ( SELECT d_items.itemid FROM d_items WHERE d_items.label = 'arterial blood pressure mean' AND d_items.linksto = 'chartevents' ) ORDER BY chartevents.charttime DESC LIMIT 1 ) < ( SELECT chartevents.valuenum FROM chartevents WHERE chartevents.stay_id IN ( SELECT icustays.stay_id FROM icustays WHERE icustays.hadm_id IN ( SELECT admissions.hadm_id FROM admissions WHERE admissions.subject_id = 10005817 ) AND icustays.outtime IS NOT NULL ORDER BY icustays.intime ASC LIMIT 1 ) AND chartevents.itemid IN ( SELECT d_items.itemid FROM d_items WHERE d_items.label = 'arterial blood pressure mean' AND d_items.linksto = 'chartevents' ) ORDER BY chartevents.charttime DESC LIMIT 1 OFFSET 1 ),[['7.0']],[['0.0']]
c4583562855d6e407a1c88ed,"SELECT MIN(T1.C1) FROM ( SELECT COUNT( DISTINCT diagnoses_icd.hadm_id ) AS C1 FROM diagnoses_icd WHERE diagnoses_icd.icd_code = ( SELECT d_icd_diagnoses.icd_code FROM d_icd_diagnoses WHERE d_icd_diagnoses.long_title = 'family history of falling' ) GROUP BY strftime('%Y',diagnoses_icd.charttime) ) AS T1","SELECT MIN(T1.C1) FROM ( SELECT COUNT( DISTINCT diagnoses_icd.hadm_id ) AS C1 FROM diagnoses_icd WHERE diagnoses_icd.icd_code = ( SELECT d_icd_diagnoses.icd_code FROM d_icd_diagnoses WHERE d_icd_diagnoses.long_title = 'history of falling' ) GROUP BY strftime('%Y',diagnoses_icd.charttime) ) AS T1",[['None']],[['2.0']]
06f4ed18e0175feb847ceb18,"SELECT COUNT( DISTINCT admissions.subject_id ) FROM admissions WHERE admissions.hadm_id IN ( SELECT prescriptions.hadm_id FROM prescriptions WHERE prescriptions.drug = 'alka-magnesium hydrox.-simethicone' AND strftime('%Y',prescriptions.starttime) = '2100' )","SELECT COUNT( DISTINCT admissions.subject_id ) FROM admissions WHERE admissions.hadm_id IN ( SELECT prescriptions.hadm_id FROM prescriptions WHERE prescriptions.drug = 'aluminum-magnesium hydrox.-simethicone' AND strftime('%Y',prescriptions.starttime) = '2100' )",[['0.0']],[['4.0']]
32b1864cd437a05f94495679,"SELECT COUNT( DISTINCT admissions.subject_id ) FROM admissions WHERE admissions.hadm_id IN ( SELECT prescriptions.hadm_id FROM prescriptions WHERE prescriptions.drug = 'medicine' AND strftime('%Y',prescriptions.starttime) >= '2100' )","SELECT COUNT( DISTINCT admissions.subject_id ) FROM admissions WHERE admissions.hadm_id IN ( SELECT transfers.hadm_id FROM transfers WHERE transfers.careunit = 'medicine' AND strftime('%Y',transfers.intime) >= '2100' )",[['0.0']],[['19.0']]
19bbba7c30b65e559cde2364,"SELECT d_labitems.label FROM d_labitems WHERE d_labitems.itemid IN ( SELECT T3.itemid FROM ( SELECT T2.itemid, DENSE_RANK() OVER ( ORDER BY COUNT(*) DESC ) AS C1 FROM ( SELECT admissions.subject_id, diagnoses_icd.charttime, admissions.hadm_id FROM diagnoses_icd JOIN admissions ON diagnoses_icd.hadm_id = admissions.hadm_id WHERE diagnoses_icd.icd_code = ( SELECT d_icd_diagnoses.icd_code FROM d_icd_diagnoses WHERE d_icd_diagnoses.long_title = 'dependency on respirator [ventilator] status' ) AND strftime('%Y',diagnoses_icd.charttime) = '2100' ) AS T1 JOIN ( SELECT admissions.subject_id, labevents.itemid, labevents.charttime, admissions.hadm_id FROM labevents JOIN admissions ON labevents.hadm_id = admissions.hadm_id WHERE strftime('%Y',labevents.charttime) = '2100' ) AS T2 ON T1.subject_id = T2.subject_id WHERE T1.charttime < T2.charttime AND T1.hadm_id = T2.hadm_id GROUP BY T2.itemid ) AS T3 WHERE T3.C1 <= 4 )","SELECT d_labitems.label FROM d_labitems WHERE d_labitems.itemid IN ( SELECT T3.itemid FROM ( SELECT T2.itemid, DENSE_RANK() OVER ( ORDER BY COUNT(*) DESC ) AS C1 FROM ( SELECT admissions.subject_id, diagnoses_icd.charttime, admissions.hadm_id FROM diagnoses_icd JOIN admissions ON diagnoses_icd.hadm_id = admissions.hadm_id WHERE diagnoses_icd.icd_code = ( SELECT d_icd_diagnoses.icd_code FROM d_icd_diagnoses WHERE d_icd_diagnoses.long_title = 'dependence on respirator [ventilator] status' ) AND strftime('%Y',diagnoses_icd.charttime) = '2100' ) AS T1 JOIN ( SELECT admissions.subject_id, labevents.itemid, labevents.charttime, admissions.hadm_id FROM labevents JOIN admissions ON labevents.hadm_id = admissions.hadm_id WHERE strftime('%Y',labevents.charttime) = '2100' ) AS T2 ON T1.subject_id = T2.subject_id WHERE T1.charttime < T2.charttime AND T1.hadm_id = T2.hadm_id GROUP BY T2.itemid ) AS T3 WHERE T3.C1 <= 4 )",[],"[['anion gap'], ['bicarbonate'], ['calcium, total'], ['chloride'], ['creatinine'], ['glucose'], ['hematocrit'], ['hemoglobin'], ['magnesium'], ['mch'], ['mchc'], ['mcv'], ['phosphate'], ['platelet count'], ['pt'], ['ptt'], ['rdw'], ['rdw-sd'], ['red blood cells'], ['sodium'], ['urea nitrogen'], ['white blood cells']]"
e0d157e7655d68add3bb76d5,"SELECT DISTINCT cost.cost FROM cost WHERE cost.event_type = 'diagnoses_icd' AND cost.event_id IN ( SELECT diagnoses_icd.row_id FROM diagnoses_icd WHERE diagnoses_icd.icd_code = ( SELECT d_icd_diagnoses.icd_code FROM d_icd_diagnoses WHERE d_icd_diagnoses.long_title = 'astomosis, bypass, or graft, with natural or artificial tissues used as implant causing abnormal reaction, or later complication, without mention of misadventure at time of operation' ) )","SELECT DISTINCT cost.cost FROM cost WHERE cost.event_type = 'diagnoses_icd' AND cost.event_id IN ( SELECT diagnoses_icd.row_id FROM diagnoses_icd WHERE diagnoses_icd.icd_code = ( SELECT d_icd_diagnoses.icd_code FROM d_icd_diagnoses WHERE d_icd_diagnoses.long_title = 'surgical operation with anastomosis, bypass, or graft, with natural or artificial tissues used as implant causing abnormal patient reaction, or later complication, without mention of misadventure at time of operation' ) )",[],[['6.95']]
76f01a85f8f50fc5f408fa3b,"SELECT COUNT(*) FROM prescriptions WHERE prescriptions.drug = 'dofelitide' AND strftime('%Y',prescriptions.starttime) = '2100'","SELECT COUNT(*) FROM prescriptions WHERE prescriptions.drug = 'dofetilide' AND strftime('%Y',prescriptions.starttime) = '2100'",[['0.0']],[['1.0']]
aea39d595c762f58e94e6bc6,"SELECT labevents.valuenum FROM labevents WHERE labevents.hadm_id IN ( SELECT admissions.hadm_id FROM admissions WHERE admissions.subject_id = 10021312 ) AND labevents.itemid IN ( SELECT d_labitems.itemid FROM d_labitems WHERE d_labitems.label = 'measured absolute eosinophil count' ) AND strftime('%Y-%m',labevents.charttime) >= '2100-01' ORDER BY labevents.charttime ASC LIMIT 1","SELECT labevents.valuenum FROM labevents WHERE labevents.hadm_id IN ( SELECT admissions.hadm_id FROM admissions WHERE admissions.subject_id = 10021312 ) AND labevents.itemid IN ( SELECT d_labitems.itemid FROM d_labitems WHERE d_labitems.label = 'absolute eosinophil count' ) AND strftime('%Y-%m',labevents.charttime) >= '2100-01' ORDER BY labevents.charttime ASC LIMIT 1",[],[['0.0']]
b8b17acef0f82e15a62e972b,"SELECT COUNT(*)>0 FROM prescriptions WHERE prescriptions.hadm_id IN ( SELECT admissions.hadm_id FROM admissions WHERE admissions.subject_id = 10010471 ) AND prescriptions.drug IN ( 'bag', 'ipratropium-albuterol neb', 'ferric gluconate' ) AND datetime(prescriptions.starttime,'start of year') = datetime('2100-12-31 23:59:00','start of year','-0 year') AND strftime('%m',prescriptions.starttime) = '05'","SELECT COUNT(*)>0 FROM prescriptions WHERE prescriptions.hadm_id IN ( SELECT admissions.hadm_id FROM admissions WHERE admissions.subject_id = 10010471 ) AND prescriptions.drug IN ( 'ipratropium-albuterol neb', 'bag', 'ferric gluconate' ) AND datetime(prescriptions.starttime,'start of year') = datetime('2100-12-31 23:59:00','start of year','-0 year') AND strftime('%m',prescriptions.starttime) = '05'",[['1.0']],[['0.0']]
25c3e1d8afe894678fc6be2a,"SELECT T1.starttime FROM ( SELECT admissions.subject_id, prescriptions.starttime FROM prescriptions JOIN admissions ON prescriptions.hadm_id = admissions.hadm_id WHERE prescriptions.drug = 'syringe' AND admissions.subject_id = 10019172 ) AS T1 JOIN ( SELECT admissions.subject_id, prescriptions.starttime FROM prescriptions JOIN admissions ON prescriptions.hadm_id = admissions.hadm_id WHERE prescriptions.drug = '0.9% sodium chloride' AND admissions.subject_id = 10019172 ) AS T2 ON T1.subject_id = T2.subject_id WHERE datetime(T1.starttime) = datetime(T2.starttime) ORDER BY T1.starttime DESC LIMIT 1","SELECT T1.starttime FROM ( SELECT admissions.subject_id, prescriptions.starttime FROM prescriptions JOIN admissions ON prescriptions.hadm_id = admissions.hadm_id WHERE prescriptions.drug = 'syringe' AND admissions.subject_id = 10019172 AND datetime(prescriptions.starttime,'start of month') = datetime('2100-12-31 23:59:00','start of month','-1 month') ) AS T1 JOIN ( SELECT admissions.subject_id, prescriptions.starttime FROM prescriptions JOIN admissions ON prescriptions.hadm_id = admissions.hadm_id WHERE prescriptions.drug = '0.9% sodium chloride' AND admissions.subject_id = 10019172 AND datetime(prescriptions.starttime,'start of month') = datetime('2100-12-31 23:59:00','start of month','-1 month') ) AS T2 ON T1.subject_id = T2.subject_id WHERE datetime(T1.starttime) = datetime(T2.starttime) ORDER BY T1.starttime DESC LIMIT 1",[['2100-11-20 12:00:00']],[]
3cb1c84c070748104d4fe00c,SELECT chartevents.charttime FROM chartevents WHERE chartevents.stay_id IN ( SELECT icustays.stay_id FROM icustays WHERE icustays.hadm_id IN ( SELECT admissions.hadm_id FROM admissions WHERE admissions.subject_id = 10039831 ) ) AND chartevents.itemid IN ( SELECT d_items.itemid FROM d_items WHERE d_items.label = 'respiratory rate' AND d_items.linksto = 'chartevents' ) AND chartevents.valuenum < 21.0 ORDER BY chartevents.charttime DESC LIMIT 1,"SELECT chartevents.charttime FROM chartevents WHERE chartevents.stay_id IN ( SELECT icustays.stay_id FROM icustays WHERE icustays.hadm_id IN ( SELECT admissions.hadm_id FROM admissions WHERE admissions.subject_id = 10039831 ) ) AND chartevents.itemid IN ( SELECT d_items.itemid FROM d_items WHERE d_items.label = 'respiratory rate' AND d_items.linksto = 'chartevents' ) AND chartevents.valuenum < 21.0 AND datetime(chartevents.charttime,'start of day') = datetime('2100-12-31 23:59:00','start of day','-0 day') ORDER BY chartevents.charttime DESC LIMIT 1",[['2100-12-31 22:00:00']],[]
fd430b3bc6f281ccc988453c,"SELECT 1 * ( strftime('%J','2100-12-31 23:59:00') - strftime('%J', labevents.charttime) ) FROM labevents WHERE labevents.itemid IN ( SELECT d_labitems.itemid FROM d_labitems WHERE d_labitems.label = 'glucose-labe' ) AND labevents.hadm_id IN ( SELECT admissions.hadm_id FROM admissions WHERE admissions.subject_id = 10021487 AND admissions.dischtime IS NULL ) ORDER BY labevents.charttime DESC LIMIT 1","SELECT 1 * ( strftime('%J','2100-12-31 23:59:00') - strftime('%J', labevents.charttime) ) FROM labevents WHERE labevents.itemid IN ( SELECT d_labitems.itemid FROM d_labitems WHERE d_labitems.label = 'glucose' ) AND labevents.hadm_id IN ( SELECT admissions.hadm_id FROM admissions WHERE admissions.subject_id = 10021487 AND admissions.dischtime IS NULL ) ORDER BY labevents.charttime DESC LIMIT 1",[],[['-36888.035']]
be8af28d0bb7aa9b2af1434f,"SELECT T2.drug FROM ( SELECT admissions.subject_id, procedures_icd.charttime FROM procedures_icd JOIN admissions ON procedures_icd.hadm_id = admissions.hadm_id WHERE admissions.subject_id = 10027602 AND procedures_icd.icd_code = ( SELECT d_icd_procedures.icd_code FROM d_icd_procedures WHERE d_icd_procedures.long_title = 'post arteriography of cerebral arteries' ) AND strftime('%Y-%m',procedures_icd.charttime) >= '2100-12' ) AS T1 JOIN ( SELECT admissions.subject_id, prescriptions.drug, prescriptions.starttime FROM prescriptions JOIN admissions ON prescriptions.hadm_id = admissions.hadm_id WHERE admissions.subject_id = 10027602 AND strftime('%Y-%m',prescriptions.starttime) >= '2100-12' ) AS T2 ON T1.subject_id = T2.subject_id WHERE T1.charttime < T2.starttime AND datetime(T2.starttime) BETWEEN datetime(T1.charttime) AND datetime(T1.charttime,'+2 day')","SELECT T2.drug FROM ( SELECT admissions.subject_id, procedures_icd.charttime FROM procedures_icd JOIN admissions ON procedures_icd.hadm_id = admissions.hadm_id WHERE admissions.subject_id = 10027602 AND procedures_icd.icd_code = ( SELECT d_icd_procedures.icd_code FROM d_icd_procedures WHERE d_icd_procedures.long_title = 'arteriography of cerebral arteries' ) AND strftime('%Y-%m',procedures_icd.charttime) >= '2100-12' ) AS T1 JOIN ( SELECT admissions.subject_id, prescriptions.drug, prescriptions.starttime FROM prescriptions JOIN admissions ON prescriptions.hadm_id = admissions.hadm_id WHERE admissions.subject_id = 10027602 AND strftime('%Y-%m',prescriptions.starttime) >= '2100-12' ) AS T2 ON T1.subject_id = T2.subject_id WHERE T1.charttime < T2.starttime AND datetime(T2.starttime) BETWEEN datetime(T1.charttime) AND datetime(T1.charttime,'+2 day')",[],"[['0.9% sodium chloride (mini bag plus)'], ['albuterol 0.083% neb soln'], ['ampicillin sodium'], ['heparin'], ['ipratropium-albuterol neb'], ['nystatin oral suspension'], ['nystatin oral suspension'], ['phenazopyridine'], ['phosphorus'], ['sodium chloride 0.9%'], ['sodium chloride 0.9%']]"
40aa706064637ead2ae39af7,"SELECT COUNT( DISTINCT T1.subject_id ) FROM ( SELECT admissions.subject_id, diagnoses_icd.charttime FROM diagnoses_icd JOIN admissions ON diagnoses_icd.hadm_id = admissions.hadm_id WHERE diagnoses_icd.icd_code = ( SELECT d_icd_diagnoses.icd_code FROM d_icd_diagnoses WHERE d_icd_diagnoses.long_title = 'atherosclerotic heart disease of native coronary artery with unstable angina pectoris' ) AND strftime('%Y',diagnoses_icd.charttime) >= '2100' ) AS T1 JOIN ( SELECT admissions.subject_id, diagnoses_icd.charttime FROM diagnoses_icd JOIN admissions ON diagnoses_icd.hadm_id = admissions.hadm_id WHERE diagnoses_icd.icd_code = ( SELECT d_icd_diagnoses.icd_code FROM d_icd_diagnoses WHERE d_icd_diagnoses.long_title = 'atherosclerotic heart disease of native coronary artery with unstable angina pectoris' ) AND strftime('%Y',diagnoses_icd.charttime) >= '2100' ) AS T2 ON T1.subject_id = T2.subject_id WHERE T1.charttime < T2.charttime AND datetime(T2.charttime) BETWEEN datetime(T1.charttime) AND datetime(T1.charttime,'+2 month')","SELECT COUNT( DISTINCT T1.subject_id ) FROM ( SELECT admissions.subject_id, diagnoses_icd.charttime FROM diagnoses_icd JOIN admissions ON diagnoses_icd.hadm_id = admissions.hadm_id WHERE diagnoses_icd.icd_code = ( SELECT d_icd_diagnoses.icd_code FROM d_icd_diagnoses WHERE d_icd_diagnoses.long_title = 'atherosclerotic heart disease of native coronary artery with unstable angina pectoris' ) AND strftime('%Y',diagnoses_icd.charttime) >= '2100' ) AS T1 JOIN ( SELECT admissions.subject_id, diagnoses_icd.charttime FROM diagnoses_icd JOIN admissions ON diagnoses_icd.hadm_id = admissions.hadm_id WHERE diagnoses_icd.icd_code = ( SELECT d_icd_diagnoses.icd_code FROM d_icd_diagnoses WHERE d_icd_diagnoses.long_title = 'atherosclerotic heart disease of native coronary artery with unspecified angina pectoris' ) AND strftime('%Y',diagnoses_icd.charttime) >= '2100' ) AS T2 ON T1.subject_id = T2.subject_id WHERE T1.charttime < T2.charttime AND datetime(T2.charttime) BETWEEN datetime(T1.charttime) AND datetime(T1.charttime,'+2 month')",[['0.0']],[['1.0']]
2d36357172aa4aae8c662e86,"SELECT DISTINCT cost.cost FROM cost WHERE cost.event_type = 'procedures_icd' AND cost.event_id IN ( SELECT procedures_icd.row_id FROM procedures_icd WHERE procedures_icd.icd_code = ( SELECT d_icd_procedures.icd_code FROM d_icd_procedures WHERE d_icd_procedures.long_title = 'other surgical procedures as the cause of abnormal reaction of the patient, or of later complication, without mention of misadventure at the time of the procedure' ) )","SELECT DISTINCT cost.cost FROM cost WHERE cost.event_type = 'diagnoses_icd' AND cost.event_id IN ( SELECT diagnoses_icd.row_id FROM diagnoses_icd WHERE diagnoses_icd.icd_code = ( SELECT d_icd_diagnoses.icd_code FROM d_icd_diagnoses WHERE d_icd_diagnoses.long_title = 'other surgical procedures as the cause of abnormal reaction of the patient, or of later complication, without mention of misadventure at the time of the procedure' ) )",[],[['7.72']]
722cbb6c7cc7ed4d2c24e87d,"SELECT T3.spec_type_desc FROM ( SELECT T2.spec_type_desc, DENSE_RANK() OVER ( ORDER BY COUNT(*) DESC ) AS C1 FROM ( SELECT admissions.subject_id, diagnoses_icd.charttime, admissions.hadm_id FROM diagnoses_icd JOIN admissions ON diagnoses_icd.hadm_id = admissions.hadm_id WHERE diagnoses_icd.icd_code = ( SELECT d_icd_diagnoses.icd_code FROM d_icd_diagnoses WHERE d_icd_diagnoses.long_title = 'respiratory sclerosis, unspecified' ) AND strftime('%Y',diagnoses_icd.charttime) >= '2100' ) AS T1 JOIN ( SELECT admissions.subject_id, microbiologyevents.spec_type_desc, microbiologyevents.charttime, admissions.hadm_id FROM microbiologyevents JOIN admissions ON microbiologyevents.hadm_id = admissions.hadm_id WHERE strftime('%Y',microbiologyevents.charttime) >= '2100' ) AS T2 ON T1.subject_id = T2.subject_id WHERE T1.charttime < T2.charttime AND T1.hadm_id = T2.hadm_id GROUP BY T2.spec_type_desc ) AS T3 WHERE T3.C1 <= 3","SELECT T3.spec_type_desc FROM ( SELECT T2.spec_type_desc, DENSE_RANK() OVER ( ORDER BY COUNT(*) DESC ) AS C1 FROM ( SELECT admissions.subject_id, diagnoses_icd.charttime, admissions.hadm_id FROM diagnoses_icd JOIN admissions ON diagnoses_icd.hadm_id = admissions.hadm_id WHERE diagnoses_icd.icd_code = ( SELECT d_icd_diagnoses.icd_code FROM d_icd_diagnoses WHERE d_icd_diagnoses.long_title = 'renal sclerosis, unspecified' ) AND strftime('%Y',diagnoses_icd.charttime) >= '2100' ) AS T1 JOIN ( SELECT admissions.subject_id, microbiologyevents.spec_type_desc, microbiologyevents.charttime, admissions.hadm_id FROM microbiologyevents JOIN admissions ON microbiologyevents.hadm_id = admissions.hadm_id WHERE strftime('%Y',microbiologyevents.charttime) >= '2100' ) AS T2 ON T1.subject_id = T2.subject_id WHERE T1.charttime < T2.charttime AND T1.hadm_id = T2.hadm_id GROUP BY T2.spec_type_desc ) AS T3 WHERE T3.C1 <= 3",[],[['mrsa screen']]
21f3520f8db52d400b139521,"SELECT 24 * ( strftime('%J','2100-12-31 23:59:00') - strftime('%J', labevents.charttime) ) FROM labevents WHERE labevents.itemid IN ( SELECT d_labitems.itemid FROM d_labitems WHERE d_labitems.label = 'anticardiolipin antibody igg-' ) AND labevents.hadm_id IN ( SELECT admissions.hadm_id FROM admissions WHERE admissions.subject_id = 10004733 AND admissions.dischtime IS NULL ) ORDER BY labevents.charttime DESC LIMIT 1","SELECT 24 * ( strftime('%J','2100-12-31 23:59:00') - strftime('%J', labevents.charttime) ) FROM labevents WHERE labevents.itemid IN ( SELECT d_labitems.itemid FROM d_labitems WHERE d_labitems.label = 'anticardiolipin antibody igg' ) AND labevents.hadm_id IN ( SELECT admissions.hadm_id FROM admissions WHERE admissions.subject_id = 10004733 AND admissions.dischtime IS NULL ) ORDER BY labevents.charttime DESC LIMIT 1",[],[['-885138.033']]
4d2e6a2bf7e989ac0488030c,SELECT AVG(T1.C1) FROM ( SELECT SUM(cost.cost) AS C1 FROM cost WHERE cost.hadm_id IN ( SELECT procedures_icd.hadm_id FROM procedures_icd WHERE procedures_icd.icd_code = ( SELECT d_icd_procedures.icd_code FROM d_icd_procedures WHERE d_icd_procedures.long_title = 'dissection of abdominal aorta' ) ) GROUP BY cost.hadm_id ) AS T1,SELECT AVG(T1.C1) FROM ( SELECT SUM(cost.cost) AS C1 FROM cost WHERE cost.hadm_id IN ( SELECT diagnoses_icd.hadm_id FROM diagnoses_icd WHERE diagnoses_icd.icd_code = ( SELECT d_icd_diagnoses.icd_code FROM d_icd_diagnoses WHERE d_icd_diagnoses.long_title = 'dissection of abdominal aorta' ) ) GROUP BY cost.hadm_id ) AS T1,[['None']],[['1689.76']]
a252cc04ca403620d3979914,"SELECT T1.starttime FROM ( SELECT admissions.subject_id, prescriptions.starttime FROM prescriptions JOIN admissions ON prescriptions.hadm_id = admissions.hadm_id WHERE prescriptions.drug = 'glucagon' AND admissions.subject_id = 10004720 AND datetime(prescriptions.starttime,'start of year') = datetime('2100-12-31 23:59:00','start of year','-0 year') AND strftime('%m',prescriptions.starttime) = '12' ) AS T1 JOIN ( SELECT admissions.subject_id, prescriptions.starttime FROM prescriptions JOIN admissions ON prescriptions.hadm_id = admissions.hadm_id WHERE prescriptions.drug = 'glucagon' AND admissions.subject_id = 10004720 AND datetime(prescriptions.starttime,'start of year') = datetime('2100-12-31 23:59:00','start of year','-0 year') AND strftime('%m',prescriptions.starttime) = '12' ) AS T2 ON T1.subject_id = T2.subject_id WHERE datetime(T1.starttime) = datetime(T2.starttime) ORDER BY T1.starttime DESC LIMIT 1","SELECT T1.starttime FROM ( SELECT admissions.subject_id, prescriptions.starttime FROM prescriptions JOIN admissions ON prescriptions.hadm_id = admissions.hadm_id WHERE prescriptions.drug = 'glucose gel' AND admissions.subject_id = 10004720 AND datetime(prescriptions.starttime,'start of year') = datetime('2100-12-31 23:59:00','start of year','-0 year') AND strftime('%m',prescriptions.starttime) = '12' ) AS T1 JOIN ( SELECT admissions.subject_id, prescriptions.starttime FROM prescriptions JOIN admissions ON prescriptions.hadm_id = admissions.hadm_id WHERE prescriptions.drug = 'glucagon' AND admissions.subject_id = 10004720 AND datetime(prescriptions.starttime,'start of year') = datetime('2100-12-31 23:59:00','start of year','-0 year') AND strftime('%m',prescriptions.starttime) = '12' ) AS T2 ON T1.subject_id = T2.subject_id WHERE datetime(T1.starttime) = datetime(T2.starttime) ORDER BY T1.starttime DESC LIMIT 1",[['2100-12-04 11:00:00']],[]
02784e491e61842ddb4de275,"SELECT COUNT(*)>0 FROM procedures_icd WHERE procedures_icd.icd_code = ( SELECT d_icd_procedures.icd_code FROM d_icd_procedures WHERE d_icd_procedures.long_title = 'laparoscopic robotic assisted' ) AND procedures_icd.hadm_id IN ( SELECT admissions.hadm_id FROM admissions WHERE admissions.subject_id = 10004235 ) AND strftime('%Y',procedures_icd.charttime) >= '2100'","SELECT COUNT(*)>0 FROM procedures_icd WHERE procedures_icd.icd_code = ( SELECT d_icd_procedures.icd_code FROM d_icd_procedures WHERE d_icd_procedures.long_title = 'laparoscopic robotic assisted procedure' ) AND procedures_icd.hadm_id IN ( SELECT admissions.hadm_id FROM admissions WHERE admissions.subject_id = 10004235 ) AND strftime('%Y',procedures_icd.charttime) >= '2100'",[['0.0']],[['1.0']]
4534d3ce04ba517f06d9eeec,"SELECT AVG(T1.C1) FROM ( SELECT SUM(cost.cost) AS C1 FROM cost WHERE cost.hadm_id IN ( SELECT procedures_icd.hadm_id FROM procedures_icd WHERE procedures_icd.icd_code = ( SELECT d_icd_procedures.icd_code FROM d_icd_procedures WHERE d_icd_procedures.long_title = 'other alteration of consciousness' ) ) AND strftime('%Y',cost.chargetime) >= '2100' GROUP BY cost.hadm_id ) AS T1","SELECT AVG(T1.C1) FROM ( SELECT SUM(cost.cost) AS C1 FROM cost WHERE cost.hadm_id IN ( SELECT diagnoses_icd.hadm_id FROM diagnoses_icd WHERE diagnoses_icd.icd_code = ( SELECT d_icd_diagnoses.icd_code FROM d_icd_diagnoses WHERE d_icd_diagnoses.long_title = 'other alteration of consciousness' ) ) AND strftime('%Y',cost.chargetime) >= '2100' GROUP BY cost.hadm_id ) AS T1",[['None']],[['14097.33']]
1adba3ceaf529ef2a8dda81a,SELECT ( SELECT labevents.valuenum FROM labevents WHERE labevents.hadm_id IN ( SELECT admissions.hadm_id FROM admissions WHERE admissions.subject_id = 10020187 ) AND labevents.itemid IN ( SELECT d_labitems.itemid FROM d_labitems WHERE d_labitems.label = 'phosphate' ) AND labevents.charttime = '2100-02-10 05:25:00' ) < ( SELECT labevents.valuenum FROM labevents WHERE labevents.hadm_id IN ( SELECT admissions.hadm_id FROM admissions WHERE admissions.subject_id = 10020187 ) AND labevents.itemid IN ( SELECT d_labitems.itemid FROM d_labitems WHERE d_labitems.label = 'phosphate' ) AND labevents.charttime = '2100-02-9 05:00:00' ),SELECT ( SELECT labevents.valuenum FROM labevents WHERE labevents.hadm_id IN ( SELECT admissions.hadm_id FROM admissions WHERE admissions.subject_id = 10020187 ) AND labevents.itemid IN ( SELECT d_labitems.itemid FROM d_labitems WHERE d_labitems.label = 'phosphate' ) AND labevents.charttime = '2100-02-10 05:25:00' ) < ( SELECT labevents.valuenum FROM labevents WHERE labevents.hadm_id IN ( SELECT admissions.hadm_id FROM admissions WHERE admissions.subject_id = 10020187 ) AND labevents.itemid IN ( SELECT d_labitems.itemid FROM d_labitems WHERE d_labitems.label = 'phosphate' ) AND labevents.charttime = '2100-02-09 05:00:00' ),[['None']],[['1.0']]
c189d34efcb37085fa7b7cb4,"SELECT COUNT( DISTINCT admissions.subject_id ) FROM admissions WHERE admissions.hadm_id IN ( SELECT prescriptions.hadm_id FROM prescriptions WHERE prescriptions.drug = 'click change en --- to choose a base solution' AND strftime('%Y',prescriptions.starttime) = '2100' )","SELECT COUNT( DISTINCT admissions.subject_id ) FROM admissions WHERE admissions.hadm_id IN ( SELECT prescriptions.hadm_id FROM prescriptions WHERE prescriptions.drug = 'click change <--- to choose a base solution' AND strftime('%Y',prescriptions.starttime) = '2100' )",[['0.0']],[['1.0']]
1f1add74c7e3a0f4247c5a78,"SELECT chartevents.valuenum FROM chartevents WHERE chartevents.stay_id IN ( SELECT icustays.stay_id FROM icustays WHERE icustays.hadm_id IN ( SELECT admissions.hadm_id FROM admissions WHERE admissions.subject_id = 10015272 ) ) AND chartevents.itemid IN ( SELECT d_items.itemid FROM d_items WHERE d_items.label = 'respiratory rate' AND d_items.linksto = 'chartevents' ) AND datetime(chartevents.charttime,'start of year') = datetime('2100-12-31 23:59:00','start of year','-0 year') AND strftime('%m-%d',chartevents.charttime) = '06-22' ORDER BY chartevents.charttime ASC LIMIT 1","SELECT chartevents.valuenum FROM chartevents WHERE chartevents.stay_id IN ( SELECT icustays.stay_id FROM icustays WHERE icustays.hadm_id IN ( SELECT admissions.hadm_id FROM admissions WHERE admissions.subject_id = 10015272 ) ) AND chartevents.itemid IN ( SELECT d_items.itemid FROM d_items WHERE d_items.label = 'respiratory rate' AND d_items.linksto = 'chartevents' ) AND datetime(chartevents.charttime,'start of year') = datetime('2100-12-31 23:59:00','start of year','-0 year') AND strftime('%m-%d',chartevents.charttime) = '06-23' ORDER BY chartevents.charttime ASC LIMIT 1",[['40.0']],[]
d53217eec061327cdf9bf36c,SELECT DISTINCT cost.cost FROM cost WHERE cost.event_type = 'prescriptions' AND cost.event_id IN ( SELECT prescriptions.row_id FROM prescriptions WHERE prescriptions.drug = 'priazosin' ),SELECT DISTINCT cost.cost FROM cost WHERE cost.event_type = 'prescriptions' AND cost.event_id IN ( SELECT prescriptions.row_id FROM prescriptions WHERE prescriptions.drug = 'prazosin' ),[],[['12.34']]
810985919f9d2ed07555c4b0,"SELECT microbiologyevents.charttime FROM microbiologyevents WHERE microbiologyevents.hadm_id IN ( SELECT admissions.hadm_id FROM admissions WHERE admissions.subject_id = 10027445 ) AND microbiologyevents.spec_type_desc = 'flu a/b by dfa' AND strftime('%Y-%m',microbiologyevents.charttime) >= '2100-03' ORDER BY microbiologyevents.charttime DESC LIMIT 1","SELECT microbiologyevents.charttime FROM microbiologyevents WHERE microbiologyevents.hadm_id IN ( SELECT admissions.hadm_id FROM admissions WHERE admissions.subject_id = 10027445 ) AND microbiologyevents.spec_type_desc = 'influenza a/b by dfa' AND strftime('%Y-%m',microbiologyevents.charttime) >= '2100-03' ORDER BY microbiologyevents.charttime DESC LIMIT 1",[],[['2100-08-10 10:30:00']]
38d26509efa287e305910833,"SELECT COUNT( DISTINCT admissions.subject_id ) FROM admissions WHERE admissions.hadm_id IN ( SELECT prescriptions.hadm_id FROM prescriptions WHERE prescriptions.drug = 'dorzolamide 2%/timolol 0.5% ophth' AND datetime(prescriptions.starttime) >= datetime('2100-12-31 23:59:00','-1 year') )","SELECT COUNT( DISTINCT admissions.subject_id ) FROM admissions WHERE admissions.hadm_id IN ( SELECT prescriptions.hadm_id FROM prescriptions WHERE prescriptions.drug = 'dorzolamide 2%/timolol 0.5% ophth.' AND datetime(prescriptions.starttime) >= datetime('2100-12-31 23:59:00','-1 year') )",[['0.0']],[['1.0']]
9273f8ff183822a0ce4f95be,SELECT DISTINCT cost.cost FROM cost WHERE cost.event_type = 'prescriptions' AND cost.event_id IN ( SELECT prescriptions.row_id FROM prescriptions WHERE prescriptions.drug = 'cipofloxacin iv' ),SELECT DISTINCT cost.cost FROM cost WHERE cost.event_type = 'prescriptions' AND cost.event_id IN ( SELECT prescriptions.row_id FROM prescriptions WHERE prescriptions.drug = 'ciprofloxacin iv' ),[],[['11.93']]
9a574ab97db06ee700de7520,"SELECT 24 * ( strftime('%J','2100-12-31 23:59:00') - strftime('%J', labevents.charttime) ) FROM labevents WHERE labevents.itemid IN ( SELECT d_labitems.itemid FROM d_labitems WHERE d_labitems.label = 'calculated total co2-lab' ) AND labevents.hadm_id IN ( SELECT admissions.hadm_id FROM admissions WHERE admissions.subject_id = 10039831 AND admissions.dischtime IS NULL ) ORDER BY labevents.charttime ASC LIMIT 1","SELECT 24 * ( strftime('%J','2100-12-31 23:59:00') - strftime('%J', labevents.charttime) ) FROM labevents WHERE labevents.itemid IN ( SELECT d_labitems.itemid FROM d_labitems WHERE d_labitems.label = 'calculated total co2' ) AND labevents.hadm_id IN ( SELECT admissions.hadm_id FROM admissions WHERE admissions.subject_id = 10039831 AND admissions.dischtime IS NULL ) ORDER BY labevents.charttime ASC LIMIT 1",[],[['-885344.549']]
2cc3cfa013ef1b065613e661,"SELECT MIN(T1.C1) FROM ( SELECT SUM(cost.cost) AS C1 FROM cost WHERE cost.hadm_id IN ( SELECT procedures_icd.hadm_id FROM procedures_icd WHERE procedures_icd.icd_code = ( SELECT d_icd_procedures.icd_code FROM d_icd_procedures WHERE d_icd_procedures.long_title = 'bariatric surgery status' ) ) AND strftime('%Y',cost.chargetime) = '2100' GROUP BY cost.hadm_id ) AS T1","SELECT MIN(T1.C1) FROM ( SELECT SUM(cost.cost) AS C1 FROM cost WHERE cost.hadm_id IN ( SELECT diagnoses_icd.hadm_id FROM diagnoses_icd WHERE diagnoses_icd.icd_code = ( SELECT d_icd_diagnoses.icd_code FROM d_icd_diagnoses WHERE d_icd_diagnoses.long_title = 'bariatric surgery status' ) ) AND strftime('%Y',cost.chargetime) = '2100' GROUP BY cost.hadm_id ) AS T1",[['None']],[['1073.23']]
7b14cdcd4cf8cd3ffdc02db7,SELECT DISTINCT cost.cost FROM cost WHERE cost.event_type = 'patches' AND cost.event_id IN ( SELECT patches.row_id FROM patches WHERE patches.event_id IN ( SELECT patches.row_id FROM patches WHERE patches.event_id IN ( SELECT patches.row_id FROM patches WHERE patches.event_id IN ( SELECT patches.row_id FROM patches WHERE patches.event_id IN ( SELECT patches.row_id FROM patches WHERE patches.event_id IN ( SELECT patches.row_id FROM patches WHERE patches.event_id IN ( SELECT patches.row_id FROM patches WHERE patches.event_id IN ( SELECT patches.row_id FROM patches WHERE patches.event_id IN ( SELECT patches.row_id FROM patches WHERE patches.event_id IN ( SELECT patches.row_id FROM patches WHERE patches.event_id IN ( SELECT patches.row_id FROM patches WHERE patches.event_id IN ( SELECT patches.row_id FROM patches WHERE patches.event_id IN ( SELECT patches.row_id FROM patches WHERE patches.event_id IN ( SELECT patches.row_id FROM patches WHERE patches.event_id IN ( SELECT patches.row_id FROM patches WHERE patches.event_id IN ( SELECT patches.row_id FROM patches WHERE patches.event_id IN ( SELECT patches.row_id FROM patches WHERE patches.event_id IN ( SELECT patches.row_id FROM patches WHERE patches.event_id IN ( SELECT patches.row_id FROM patches WHERE patches.event_id IN ( SELECT patches.row_id FROM patches WHERE patches.event_id IN ( SEL,SELECT DISTINCT cost.cost FROM cost WHERE cost.event_type = 'prescriptions' AND cost.event_id IN ( SELECT prescriptions.row_id FROM prescriptions WHERE prescriptions.drug = 'fentanyl patch' ),error_pred,[['11.25']]
d468712401b6ab1b27a362ee,SELECT DISTINCT cost.cost FROM cost WHERE cost.event_type = 'prescriptions' AND cost.event_id IN ( SELECT prescriptions.row_id FROM prescriptions WHERE prescriptions.drug = 'other electric countershock of heart' ),SELECT DISTINCT cost.cost FROM cost WHERE cost.event_type = 'procedures_icd' AND cost.event_id IN ( SELECT procedures_icd.row_id FROM procedures_icd WHERE procedures_icd.icd_code = ( SELECT d_icd_procedures.icd_code FROM d_icd_procedures WHERE d_icd_procedures.long_title = 'other electric countershock of heart' ) ),[],[['9.73']]
8e71be5e11c9a90ff530970e,"SELECT T1.starttime FROM ( SELECT admissions.subject_id, prescriptions.starttime FROM prescriptions JOIN admissions ON prescriptions.hadm_id = admissions.hadm_id WHERE prescriptions.drug = 'chlorhexidine gluconate 0.12% oral rinse' AND admissions.subject_id = 10021487 AND datetime(prescriptions.starttime,'start of month') = datetime('2100-12-31 23:59:00','start of month','-0 month') ) AS T1 JOIN ( SELECT admissions.subject_id, prescriptions.starttime FROM prescriptions JOIN admissions ON prescriptions.hadm_id = admissions.hadm_id WHERE prescriptions.drug = 'famotidine' AND admissions.subject_id = 10021487 AND datetime(prescriptions.starttime,'start of month') = datetime('2100-12-31 23:59:00','start of month','-0 month') ) AS T2 ON T1.subject_id = T2.subject_id WHERE datetime(T1.starttime) = datetime(T2.starttime) ORDER BY T1.starttime ASC LIMIT 1","SELECT T1.starttime FROM ( SELECT admissions.subject_id, prescriptions.starttime FROM prescriptions JOIN admissions ON prescriptions.hadm_id = admissions.hadm_id WHERE prescriptions.drug = 'famotidine' AND admissions.subject_id = 10021487 AND datetime(prescriptions.starttime,'start of month') = datetime('2100-12-31 23:59:00','start of month','-0 month') ) AS T1 JOIN ( SELECT admissions.subject_id, prescriptions.starttime FROM prescriptions JOIN admissions ON prescriptions.hadm_id = admissions.hadm_id WHERE prescriptions.drug = 'chlorhexidine gluconate 0.12% oral rinse' AND admissions.subject_id = 10021487 AND datetime(prescriptions.starttime,'start of month') = datetime('2100-12-31 23:59:00','start of month','-0 month') ) AS T2 ON T1.subject_id = T2.subject_id WHERE datetime(T1.starttime) = datetime(T2.starttime) ORDER BY T1.starttime ASC LIMIT 1",[['2100-12-07 08:00:00']],[]
f9006233824c9919f64e41e9,"SELECT labevents.charttime FROM labevents WHERE labevents.hadm_id IN ( SELECT admissions.hadm_id FROM admissions WHERE admissions.subject_id = 10001217 AND admissions.dischtime IS NOT NULL ORDER BY admissions.admittime DESC LIMIT 1 ) AND labevents.itemid IN ( SELECT d_labitems.itemid FROM d_labitems WHERE d_labitems.label = 'lvalue' ) ORDER BY labevents.valuenum DESC, labevents.charttime ASC LIMIT 1","SELECT labevents.charttime FROM labevents WHERE labevents.hadm_id IN ( SELECT admissions.hadm_id FROM admissions WHERE admissions.subject_id = 10001217 AND admissions.dischtime IS NOT NULL ORDER BY admissions.admittime DESC LIMIT 1 ) AND labevents.itemid IN ( SELECT d_labitems.itemid FROM d_labitems WHERE d_labitems.label = 'l' ) ORDER BY labevents.valuenum DESC, labevents.charttime ASC LIMIT 1",[],[['2100-12-06 15:50:00']]
8b3ac39d04cb2b0c9c7c2ef7,"SELECT COUNT( DISTINCT T1.subject_id ) FROM ( SELECT admissions.subject_id, diagnoses_icd.charttime FROM diagnoses_icd JOIN admissions ON diagnoses_icd.hadm_id = admissions.hadm_id WHERE diagnoses_icd.icd_code = ( SELECT d_icd_diagnoses.icd_code FROM d_icd_diagnoses WHERE d_icd_diagnoses.long_title = 'other surgical procedures as the cause of abnormal reaction of patient, or of later complication, without mention of misadventure at the time of the procedure' ) ) AS T1 JOIN ( SELECT admissions.subject_id, procedures_icd.charttime FROM procedures_icd JOIN admissions ON procedures_icd.hadm_id = admissions.hadm_id WHERE procedures_icd.icd_code = ( SELECT d_icd_procedures.icd_code FROM d_icd_procedures WHERE d_icd_procedures.long_title = 'other surgical procedures as the cause of abnormal reaction of patient, or of later complication, without mention of misadventure at the time of the procedure' ) ) AS T2 ON T1.subject_id = T2.subject_id WHERE T1.charttime < T2.charttime AND datetime(T1.charttime,'start of month') = datetime(T2.charttime,'start of month')","SELECT COUNT( DISTINCT T1.subject_id ) FROM ( SELECT admissions.subject_id, diagnoses_icd.charttime FROM diagnoses_icd JOIN admissions ON diagnoses_icd.hadm_id = admissions.hadm_id WHERE diagnoses_icd.icd_code = ( SELECT d_icd_diagnoses.icd_code FROM d_icd_diagnoses WHERE d_icd_diagnoses.long_title = 'other surgical procedures as the cause of abnormal reaction of the patient, or of later complication, without mention of misadventure at the time of the procedure' ) ) AS T1 JOIN ( SELECT admissions.subject_id, procedures_icd.charttime FROM procedures_icd JOIN admissions ON procedures_icd.hadm_id = admissions.hadm_id WHERE procedures_icd.icd_code = ( SELECT d_icd_procedures.icd_code FROM d_icd_procedures WHERE d_icd_procedures.long_title = 'extirpation of matter from left femoral vein, percutaneous approach' ) ) AS T2 ON T1.subject_id = T2.subject_id WHERE T1.charttime < T2.charttime AND datetime(T1.charttime,'start of month') = datetime(T2.charttime,'start of month')",[['0.0']],[['1.0']]
6cadd9bbd8f4e8547babc4a4,"SELECT COUNT(*)>0 FROM procedures_icd WHERE procedures_icd.icd_code = ( SELECT d_icd_procedures.icd_code FROM d_icd_procedures WHERE d_icd_procedures.long_title = 'extracting of other tooth' ) AND procedures_icd.hadm_id IN ( SELECT admissions.hadm_id FROM admissions WHERE admissions.subject_id = 10019172 ) AND strftime('%Y',procedures_icd.charttime) = '2100'","SELECT COUNT(*)>0 FROM procedures_icd WHERE procedures_icd.icd_code = ( SELECT d_icd_procedures.icd_code FROM d_icd_procedures WHERE d_icd_procedures.long_title = 'extraction of other tooth' ) AND procedures_icd.hadm_id IN ( SELECT admissions.hadm_id FROM admissions WHERE admissions.subject_id = 10019172 ) AND strftime('%Y',procedures_icd.charttime) = '2100'",[['0.0']],[['1.0']]
30472e5c27673faeb87b6a0d,"SELECT COUNT( DISTINCT admissions.subject_id ) FROM admissions WHERE admissions.hadm_id IN ( SELECT procedures_icd.hadm_id FROM procedures_icd WHERE procedures_icd.icd_code = ( SELECT d_icd_procedures.icd_code FROM d_icd_procedures WHERE d_icd_procedures.long_title = 'hematology/oncology' ) AND strftime('%Y',procedures_icd.charttime) = '2100' )","SELECT COUNT( DISTINCT admissions.subject_id ) FROM admissions WHERE admissions.hadm_id IN ( SELECT transfers.hadm_id FROM transfers WHERE transfers.careunit = 'hematology/oncology' AND strftime('%Y',transfers.intime) = '2100' )",[['0.0']],[['2.0']]
e530d92c14e1178895ca7c89,"SELECT T1.starttime FROM ( SELECT admissions.subject_id, prescriptions.starttime FROM prescriptions JOIN admissions ON prescriptions.hadm_id = admissions.hadm_id WHERE prescriptions.drug = 'heparin flush (10 units/ml)' AND admissions.subject_id = 10020740 AND datetime(prescriptions.starttime,'start of year') = datetime('2100-12-31 23:59:00','start of year','-0 year') AND strftime('%m',prescriptions.starttime) = '04' ) AS T1 JOIN ( SELECT admissions.subject_id, prescriptions.starttime FROM prescriptions JOIN admissions ON prescriptions.hadm_id = admissions.hadm_id WHERE prescriptions.drug = 'lidocaine 1%' AND admissions.subject_id = 10020740 AND datetime(prescriptions.starttime,'start of year') = datetime('2100-12-31 23:59:00','start of year','-0 year') AND strftime('%m',prescriptions.starttime) = '04' ) AS T2 ON T1.subject_id = T2.subject_id WHERE datetime(T1.starttime) = datetime(T2.starttime) ORDER BY T1.starttime DESC LIMIT 1","SELECT T1.starttime FROM ( SELECT admissions.subject_id, prescriptions.starttime FROM prescriptions JOIN admissions ON prescriptions.hadm_id = admissions.hadm_id WHERE prescriptions.drug = 'lidocaine 1%' AND admissions.subject_id = 10020740 AND datetime(prescriptions.starttime,'start of year') = datetime('2100-12-31 23:59:00','start of year','-0 year') AND strftime('%m',prescriptions.starttime) = '04' ) AS T1 JOIN ( SELECT admissions.subject_id, prescriptions.starttime FROM prescriptions JOIN admissions ON prescriptions.hadm_id = admissions.hadm_id WHERE prescriptions.drug = 'heparin flush (10 units/ml)' AND admissions.subject_id = 10020740 AND datetime(prescriptions.starttime,'start of year') = datetime('2100-12-31 23:59:00','start of year','-0 year') AND strftime('%m',prescriptions.starttime) = '04' ) AS T2 ON T1.subject_id = T2.subject_id WHERE datetime(T1.starttime) = datetime(T2.starttime) ORDER BY T1.starttime DESC LIMIT 1",[['2100-04-22 10:00:00']],[]
c0a87bdad4a3ac34d3210642,SELECT labevents.valuenum FROM labevents WHERE labevents.hadm_id IN ( SELECT admissions.hadm_id FROM admissions WHERE admissions.subject_id = 100220431 ) AND labevents.itemid IN ( SELECT d_labitems.itemid FROM d_labitems WHERE d_labitems.label = 'vitamin b12' ) ORDER BY labevents.charttime ASC LIMIT 1,SELECT labevents.valuenum FROM labevents WHERE labevents.hadm_id IN ( SELECT admissions.hadm_id FROM admissions WHERE admissions.subject_id = 10022041 ) AND labevents.itemid IN ( SELECT d_labitems.itemid FROM d_labitems WHERE d_labitems.label = 'vitamin b12' ) ORDER BY labevents.charttime ASC LIMIT 1,[],[['971.0']]
771257ca5b02630533cafe73,"SELECT COUNT( DISTINCT admissions.subject_id ) FROM admissions WHERE admissions.dischtime is NOT NULL AND strftime('%Y',admissions.dischtime) >= '2100'","SELECT COUNT( DISTINCT admissions.subject_id ) FROM admissions WHERE admissions.hadm_id IN ( SELECT transfers.hadm_id FROM transfers WHERE transfers.careunit = 'discharge lounge' AND strftime('%Y',transfers.intime) >= '2100' )",[['90.0']],[['19.0']]
dcc6094fae5bc1bb4de3c989,"SELECT labevents.charttime FROM labevents WHERE labevents.hadm_id IN ( SELECT admissions.hadm_id FROM admissions WHERE admissions.subject_id = 10004733 AND admissions.dischtime IS NULL ) AND labevents.itemid IN ( SELECT d_labitems.itemid FROM d_labitems WHERE d_labitems.label = 'mini protein' ) ORDER BY labevents.valuenum ASC, labevents.charttime DESC LIMIT 1","SELECT labevents.charttime FROM labevents WHERE labevents.hadm_id IN ( SELECT admissions.hadm_id FROM admissions WHERE admissions.subject_id = 10004733 AND admissions.dischtime IS NULL ) AND labevents.itemid IN ( SELECT d_labitems.itemid FROM d_labitems WHERE d_labitems.label = 'protein' ) ORDER BY labevents.valuenum ASC, labevents.charttime DESC LIMIT 1",[],[['2100-12-31 11:03:00']]
adf57bf6800cbd7a1bcce75f,"SELECT labevents.charttime FROM labevents WHERE labevents.hadm_id IN ( SELECT admissions.hadm_id FROM admissions WHERE admissions.subject_id = 10014078 AND admissions.dischtime IS NOT NULL ORDER BY admissions.admittime DESC LIMIT 1 ) AND labevents.itemid IN ( SELECT d_labitems.itemid FROM d_labitems WHERE d_labitems.label = 'osmolality' ) ORDER BY labevents.valuenum DESC, labevents.charttime ASC LIMIT 1","SELECT labevents.charttime FROM labevents WHERE labevents.hadm_id IN ( SELECT admissions.hadm_id FROM admissions WHERE admissions.subject_id = 10014078 AND admissions.dischtime IS NOT NULL ORDER BY admissions.admittime DESC LIMIT 1 ) AND labevents.itemid IN ( SELECT d_labitems.itemid FROM d_labitems WHERE d_labitems.label = 'osmolality, measured' ) ORDER BY labevents.valuenum DESC, labevents.charttime ASC LIMIT 1",[],[['2100-09-07 11:11:00']]
